timestamp,ret,equity,drawdown,benchmark_equity,active_ret
2024-05-08,0.0,1000000.0,0.0,1000000.0,0.0
2024-05-09,0.0,1000000.0,0.0,1014285.7006617956,-0.014285700661795575
2024-05-10,0.0,1000000.0,0.0,1000000.0000000002,0.01408449379940424
2024-05-13,0.0,1000000.0,0.0,1011428.5605294367,-0.011428560529436416
2024-05-14,0.0,1000000.0,0.0,1017142.8407941548,-0.0056497121870149325
2024-05-15,0.0,1000000.0,0.0,1028571.4013235911,-0.01123594452133525
2024-05-16,0.0,1000000.0,0.0,1042857.1701049807,-0.01388894223872672
2024-05-17,0.0,1000000.0,0.0,1062857.1510314944,-0.01917806340105077
2024-05-20,0.0,1000000.0,0.0,1068571.4312962126,-0.00537633891739131
2024-05-21,0.0,1000000.0,0.0,1062857.1510314944,0.005347588469389097
2024-05-22,0.0,1000000.0,0.0,1057142.8707667764,0.005376338917391199
2024-05-23,0.0,1000000.0,0.0,1048571.450369699,0.008108100271120633
2024-05-24,0.0,1000000.0,0.0,1045714.3102373398,0.0027247929851148545
2024-05-28,0.0,1000000.0,0.0,1042857.1701049809,0.002732237767417156
2024-05-29,0.0,1000000.0,0.0,1040000.0299726217,0.0027397233430072054
2024-05-30,0.0,1000000.0,0.0,1042857.1701049809,-0.002747250048093175
2024-05-31,0.0,1000000.0,0.0,1048571.450369699,-0.005479446686014411
2024-06-03,0.0,1000000.0,0.0,1048571.450369699,0.0
2024-06-04,0.0,1000000.0,0.0,1045714.3102373398,0.0027247929851148545
2024-06-05,0.0,1000000.0,0.0,1051428.590502058,-0.005464475534834312
2024-06-06,0.0,1000000.0,0.0,1051428.590502058,0.0
2024-06-07,0.0,1000000.0,0.0,1048571.4503696988,0.0027173886635466493
2024-06-10,0.0,1000000.0,0.0,1040000.0299726216,0.008174378955344674
2024-06-11,0.0,1000000.0,0.0,1034285.6815883092,0.0054945655957939765
2024-06-12,0.0,1000000.0,0.0,1042857.1701049805,-0.008287351037779445
2024-06-13,0.0,1000000.0,0.0,1040000.0299726214,0.0027397233430072054
2024-06-14,0.0,1000000.0,0.0,1028571.4013235909,0.010989065691980104
2024-06-17,0.0,1000000.0,0.0,1025714.2611912318,0.0027777752022684066
2024-06-18,0.0,1000000.0,0.0,1008571.4203970772,0.016713076382739778
2024-06-20,0.0023478262536447136,1002347.8262536448,0.0,1005714.2802647181,0.005180684764779397
2024-06-21,0.005681812859274604,1008042.9790223187,0.0,1011428.5605294365,6.527289819757698e-11
2024-06-24,-0.0028248561257762095,1005195.4026379818,-0.0028248561257762338,1008571.4203970772,-3.226874323303264e-11
2024-06-25,-0.002832858543586614,1002347.8262536448,-0.005649712251552583,1005714.2802647181,-3.245193003209579e-11
2024-06-26,-0.002840906429637302,999500.2498693079,-0.008474568377328816,1002857.1401323589,-3.263644909878849e-11
2024-06-27,0.008547000517636683,1008042.9790223187,0.0,1011428.5605294362,9.846834458926423e-11
2024-06-28,0.0028248561257762095,1010890.5554066557,0.0,1014285.7006617953,3.2268632210730175e-11
2024-07-01,-0.005633797583936118,1005195.4026379818,-0.005633797583936102,1008571.4203970772,-6.417444353701285e-11
2024-07-02,-0.00849857563075973,996652.6734849709,-0.01408449395984037,1000000.0,-9.735556805168244e-11
2024-07-03,0.01142856066147857,1008042.9790223187,-0.002816898791968051,1011428.5605294365,1.3204215498774374e-10
2024-07-05,0.0028248561257762095,1010890.5554066557,0.0,1014285.7006617956,3.2268632210730175e-11
2024-07-08,0.0,1010890.5554066557,0.0,1014285.7006617956,0.0
2024-07-09,0.008450696375904343,1019433.2845596665,0.0,1022857.1210588728,9.62618873501242e-11
2024-07-10,0.0,1019433.2845596665,0.0,1022857.1210588728,0.0
2024-07-11,0.0027932935165706496,1022280.8609440034,0.0,1025714.2611912318,3.155165018142725e-11
2024-07-12,0.005571025523665618,1027976.0137126773,0.0,1031428.5414559501,6.275224784246802e-11
2024-07-15,-0.016620483433572697,1010890.5554066557,-0.016620483433572683,1014285.7006617956,-1.861768517130713e-10
2024-07-16,0.0,1010890.5554066557,-0.016620483433572683,1014285.7006617956,0.0
2024-07-17,-0.016901392751808464,993805.097100634,-0.033240966867145366,997142.859867641,-1.9252333061103855e-10
2024-07-18,-0.02292261444538435,971024.4860259384,-0.05540161144524235,974285.7388087682,-2.6559998644870575e-10
2024-07-19,-0.012719999910325686,958673.0546507644,-0.06741690286295264,965714.318411691,-0.003922354562917341
2024-07-22,-0.01278365896848166,946417.7052578365,-0.07933872713652307,965714.318411691,-0.01278365896848166
2024-07-23,0.0,946417.7052578365,-0.07933872713652307,965714.318411691,0.0
2024-07-24,-0.005917224484137673,940817.5392400634,-0.08478648656190822,959999.9700273788,-2.6173174738630678e-11
2024-07-25,-0.011904750976151068,929617.3407214152,-0.09568187552939696,948571.4094979424,-5.2970849928613006e-11
2024-07-26,0.0030120453943867087,932417.3903510772,-0.09295802828752486,951428.5496303015,1.3563594691845537e-11
2024-07-29,-0.006006000442801085,926817.2910917532,-0.09840572277126917,945714.2693655833,-2.6964652732885952e-11
2024-07-30,-0.0030211452209353284,924017.2414620911,-0.10112957001314139,942857.1292332243,-1.3645862217970262e-11
2024-07-31,0.0,924017.2414620911,-0.10112957001314139,942857.1292332243,0.0
2024-08-01,-0.01818180118737689,907216.9436841189,-0.11747265346437445,925714.2884390696,-8.23717760667364e-11
2024-08-02,-0.05652772491975855,855934.033848999,-0.1673599165435047,925714.2884390696,-0.05652772491975855
2024-08-05,0.15129472356663798,985432.3368914606,-0.04138586528645191,920000.0081743514,0.15746755716776295
2024-08-06,-0.014563874429369128,971080.6240783336,-0.05534700117063834,905714.307512556,0.0009640609346142082
2024-08-07,0.0,971080.6240783336,-0.05534700117063834,905714.307512556,0.0
2024-08-08,0.017734938736006622,988302.679454086,-0.03859363810961461,922857.1483067106,-0.0011924875527924428
2024-08-09,0.0029043152692966867,991173.0220167114,-0.0358014109327773,925714.2884390696,-0.00019165699206724618
2024-08-12,0.005791809298411277,996913.7071419623,-0.030216956579102686,931428.568703788,-0.00038102430271380605
2024-08-13,0.03167151576177818,1028487.4753308417,0.0,962857.1101597381,-0.0020707834460798047
2024-08-14,0.0,1028487.4753308417,0.0,962857.1101597381,0.0
2024-08-15,-0.06977103194855805,956728.8428308418,-0.06977103194855803,891428.5387311666,0.004412946831763187
2024-08-16,0.007818049223619283,964208.5960177496,-0.062498456087095276,905714.3075125561,-0.008207653522809943
2024-08-19,-0.006862433615688612,957591.7785359015,-0.06893199819680322,951428.5496303017,-0.05733557038581938
2024-08-20,0.0,957591.7785359015,-0.06893199819680322,922857.1483067106,0.03003000207918194
2024-08-21,0.0,957591.7785359015,-0.06893199819680322,917142.8680419924,0.006191944522728088
2024-08-22,0.0,957591.7785359015,-0.06893199819680322,914285.7279096333,0.0031152617895386925
2024-08-23,0.0,957591.7785359015,-0.06893199819680322,922857.1483067105,-0.00937499091960503
2024-08-26,0.0,957591.7785359015,-0.06893199819680322,925714.2884390695,-0.003095972261363933
2024-08-27,0.0,957591.7785359015,-0.06893199819680322,925714.2884390695,0.0
2024-08-28,0.0,957591.7785359015,-0.06893199819680322,917142.8680419922,0.009259250401687513
2024-08-29,0.0,957591.7785359015,-0.06893199819680322,914285.7279096331,0.0031152617895386925
2024-08-30,0.0,957591.7785359015,-0.06893199819680322,920000.0081743512,-0.006249993946403354
2024-09-03,0.0,957591.7785359015,-0.06893199819680322,948571.4094979422,-0.031055870727966672
2024-09-04,0.0,957591.7785359015,-0.06893199819680322,951428.5496303013,-0.003012045380823114
2024-09-05,0.0,957591.7785359015,-0.06893199819680322,954285.6897626605,-0.003003000207918216
2024-09-06,0.0,957591.7785359015,-0.06893199819680322,939999.989100865,0.014970045988375258
2024-09-09,0.0,957591.7785359015,-0.06893199819680322,957142.8298950196,-0.018237064886088117
2024-09-10,0.0,957591.7785359015,-0.06893199819680322,957142.8298950196,0.0
2024-09-11,0.0,957591.7785359015,-0.06893199819680322,985714.2993382048,-0.029850789820280887
2024-09-12,0.0,957591.7785359015,-0.06893199819680322,985714.2993382048,0.0
2024-09-13,0.0,957591.7785359015,-0.06893199819680322,991428.579602923,-0.005797095840604838
2024-09-16,0.0,957591.7785359015,-0.06893199819680322,1000000.0000000002,-0.008645524824904882
2024-09-17,0.0,957591.7785359015,-0.06893199819680322,1019999.9809265139,-0.019999980926513672
2024-09-18,0.0,957591.7785359015,-0.06893199819680322,1045714.3102373398,-0.025210127246736214
2024-09-19,0.0,957591.7785359015,-0.06893199819680322,1045714.3102373398,0.0
2024-09-20,0.0,957591.7785359015,-0.06893199819680322,1040000.0299726217,0.005464475534834423
2024-09-23,0.0,957591.7785359015,-0.06893199819680322,1042857.1701049809,-0.002747250048093175
2024-09-24,0.0,957591.7785359015,-0.06893199819680322,1057142.8707667764,-0.013698616715036138
2024-09-25,0.0,957591.7785359015,-0.06893199819680322,1079999.9918256488,-0.021621600722988132
2024-09-26,0.0,957591.7785359015,-0.06893199819680322,1085714.2720903673,-0.005291000285156278
2024-09-27,0.0,957591.7785359015,-0.06893199819680322,1099999.9727521627,-0.013157882353605599
2024-09-30,0.0,957591.7785359015,-0.06893199819680322,1085714.2720903673,0.012987000923330161
2024-10-01,0.0,957591.7785359015,-0.06893199819680322,1082857.131958008,0.0026315764707210976
2024-10-02,0.0,957591.7785359015,-0.06893199819680322,1077142.85169329,0.005277039875413392
2024-10-03,0.0,957591.7785359015,-0.06893199819680322,1057142.8707667764,0.018567621643752585
2024-10-04,0.0,957591.7785359015,-0.06893199819680322,1051428.590502058,0.005405400180747089
2024-10-07,0.0,957591.7785359015,-0.06893199819680322,1054285.730634417,-0.0027173886635465383
2024-10-08,0.0,957591.7785359015,-0.06893199819680322,1057142.8707667761,-0.0027100244737636725
2024-10-09,0.0,957591.7785359015,-0.06893199819680322,1045714.3102373396,0.010810800361494066
2024-10-10,0.0,957591.7785359015,-0.06893199819680322,1037142.8898402624,0.00819671330225158
2024-10-11,0.0,957591.7785359015,-0.06893199819680322,1042857.1701049807,-0.0055096364451752144
2024-10-14,0.0,957591.7785359015,-0.06893199819680322,1037142.8898402624,0.005479446686014522
2024-10-15,0.0,957591.7785359015,-0.06893199819680322,1031428.5414559501,0.005509702125222393
2024-10-16,0.0,957591.7785359015,-0.06893199819680322,1028571.4013235909,0.0027700805412326224
2024-10-17,0.0,957591.7785359015,-0.06893199819680322,1034285.6815883092,-0.005555550404536813
2024-10-18,0.0,957591.7785359015,-0.06893199819680322,1065714.2911638534,-0.030386778174556595
2024-10-21,0.0,957591.7785359015,-0.06893199819680322,1151428.6313738143,-0.08042900514766793
2024-10-22,0.0,957591.7785359015,-0.06893199819680322,1188571.3849748885,-0.032257972912101085
2024-10-23,0.0,957591.7785359015,-0.06893199819680322,1182857.10471017,0.0048076878990646055
2024-10-24,0.0,957591.7785359015,-0.06893199819680322,1180000.0326974052,0.0024153991225044358
2024-10-25,0.0,957591.7785359015,-0.06893199819680322,1162857.1919032508,0.01452783077892561
2024-10-28,0.0,957591.7785359015,-0.06893199819680322,1191428.5932268417,-0.024570000101928224
2024-10-29,0.0,957591.7785359015,-0.06893199819680322,1191428.5932268417,0.0
2024-10-30,0.0,957591.7785359015,-0.06893199819680322,1177142.824445452,0.011990453194260065
2024-10-31,0.0,957591.7785359015,-0.06893199819680322,1165714.2639160156,0.009708728874782357
2024-11-01,0.0,957591.7785359015,-0.06893199819680322,1162857.1919032508,0.002450919664624518
2024-11-04,0.0,957591.7785359015,-0.06893199819680322,1168571.4721679688,-0.004914000020385556
2024-11-05,0.0,957591.7785359015,-0.06893199819680322,1197142.8734915596,-0.024449853521226528
2024-11-06,0.0,957591.7785359015,-0.06893199819680322,1205714.2257690427,-0.007159840706802312
2024-11-07,0.0,957591.7785359015,-0.06893199819680322,1219999.9945504323,-0.01184838701913593
2024-11-08,0.0,957591.7785359015,-0.06893199819680322,1208571.4340209959,0.009367672606955812
2024-11-11,0.0,957591.7785359015,-0.06893199819680322,1251428.6041259763,-0.03546101529339629
2024-11-12,0.0,957591.7785359015,-0.06893199819680322,1397142.8189958844,-0.11643829651127224
2024-11-13,0.0,957591.7785359015,-0.06893199819680322,1397142.8189958844,0.0
2024-11-14,0.0,957591.7785359015,-0.06893199819680322,1351428.5768781386,0.0327198060901176
2024-11-15,0.0,957591.7785359015,-0.06893199819680322,1351428.5768781386,0.0
2024-11-18,0.0,957591.7785359015,-0.06893199819680322,1425714.220319475,-0.05496823488292635
2024-11-19,0.0,957591.7785359015,-0.06893199819680322,1560000.0108991344,-0.09418843458653914
2024-11-20,0.0,957591.7785359015,-0.06893199819680322,1617142.8135463167,-0.03663000144099149
2024-11-21,0.0,957591.7785359015,-0.06893199819680322,1620000.0217982698,-0.0017668249384155121
2024-11-22,0.0,957591.7785359015,-0.06893199819680322,1448571.477617536,0.10582008757656725
2024-11-25,0.0,957591.7785359015,-0.06893199819680322,1468571.3904244557,-0.013806645454467636
2024-11-26,0.0,957591.7785359015,-0.06893199819680322,1471428.5986764089,-0.0019455698719061942
2024-11-27,0.0,957591.7785359015,-0.06893199819680322,1479999.9509538922,-0.005825190760321952
2024-11-29,0.0,957591.7785359015,-0.06893199819680322,1428571.4285714284,0.034749002761329084
2024-12-02,0.0,957591.7785359015,-0.06893199819680322,1479999.9509538922,-0.035999965667724565
2024-12-03,0.0,957591.7785359015,-0.06893199819680322,1511428.5605294362,-0.021235547714233194
2024-12-04,0.0,957591.7785359015,-0.06893199819680322,1517142.8407941542,-0.0037807147581732092
2024-12-05,0.0,957591.7785359015,-0.06893199819680322,1497142.7917480466,0.013182706669622846
2024-12-06,0.0,957591.7785359015,-0.06893199819680322,1468571.3904244557,0.01908395209933933
2024-12-09,0.0,957591.7785359015,-0.06893199819680322,1522857.1210588724,-0.03696499263731856
2024-12-10,0.0,957591.7785359015,-0.06893199819680322,1551428.522382463,-0.01876170845477909
2024-12-11,0.0,957591.7785359015,-0.06893199819680322,1542857.1701049798,0.005524812876535612
2024-12-12,0.0,957591.7785359015,-0.06893199819680322,1479999.9509538917,0.040740789471011896
2024-12-13,0.0,957591.7785359015,-0.06893199819680322,1465714.3184116904,0.009652454740281646
2024-12-16,0.0,957591.7785359015,-0.06893199819680322,1465714.3184116904,0.0
2024-12-17,0.0,957591.7785359015,-0.06893199819680322,1468571.3904244553,-0.001949269360935979
2024-12-18,0.0,957591.7785359015,-0.06893199819680322,1402857.099260602,0.04474708658518811
2024-12-19,0.0,957591.7785359015,-0.06893199819680322,1405714.307512555,-0.002036706556540313
2024-12-20,0.0,957591.7785359015,-0.06893199819680322,1400000.027247837,0.004065036710645509
2024-12-23,0.0,957591.7785359015,-0.06893199819680322,1394285.7469831188,0.004081628681073313
2024-12-24,0.0,957591.7785359015,-0.06893199819680322,1411428.5877772735,-0.01229506995337748
2024-12-26,0.0,957591.7785359015,-0.06893199819680322,1417142.8680419915,-0.004048579088026694
2024-12-27,0.0,957591.7785359015,-0.06893199819680322,1374285.697937011,0.03024195447858724
2024-12-30,0.0,957591.7785359015,-0.06893199819680322,1360000.0653948097,0.010394951037943634
2024-12-31,0.0,957591.7785359015,-0.06893199819680322,1348571.3686261852,0.008403453102266312
2025-01-02,0.0,957591.7785359015,-0.06893199819680322,1354285.6488909035,-0.004237284282951448
2025-01-03,0.0,957591.7785359015,-0.06893199819680322,1374285.6979370113,-0.014767969418037374
2025-01-06,0.0,957591.7785359015,-0.06893199819680322,1391428.5387311657,-0.012474000726259593
2025-01-07,0.0,957591.7785359015,-0.06893199819680322,1354285.6488909035,0.026694069300988055
2025-01-08,0.0,957591.7785359015,-0.06893199819680322,1322857.1755545475,0.023206679744479652
2025-01-10,0.0,957591.7785359015,-0.06893199819680322,1282857.077462332,0.030237654397911262
2025-01-13,0.0268837909523858,983335.4757277839,-0.04390136067387059,1285714.2857142852,0.024656568370736265
2025-01-14,-0.031111080785451217,952742.8463032166,-0.07364662268080581,1245714.3238612579,6.557923093453155e-10
2025-01-15,0.02293575674190973,974594.7244636219,-0.05240000696156632,1274285.7251848485,-4.989879620609372e-10
2025-01-16,-0.002242203718299751,972409.4845485942,-0.05452471918941789,1271428.5169328954,4.768740957672435e-11
2025-01-17,0.011235998160036065,983335.4757277839,-0.04390136067387059,1285714.285714285,-2.39505526522521e-10
2025-01-21,0.02444447359904567,1007372.5938032166,-0.020530032726779633,1317142.8952898292,-5.152664961372011e-10
2025-01-22,0.010845924386295058,1018298.4807844321,-0.00990677552308744,1331428.5278320308,-2.231665963137175e-10
2025-01-23,-0.004291841453710532,1013928.1051523511,-0.014156098666935362,1325714.2475673128,8.736167345091417e-11
2025-01-24,-0.015086141251601015,998631.8425390546,-0.029028679014475364,1305714.334760393,3.0840674458687545e-10
2025-01-27,-0.02844641287953209,970224.3488315408,-0.056649330105414245,1268571.4449201305,5.904389199784532e-10
2025-01-28,0.027027000326332873,996446.602624027,-0.031153391242326935,1302857.1265084397,-5.774023481563972e-10
2025-01-29,0.04824567219584841,1044520.8387748925,0.0,1365714.3456595277,-1.0035918762696383e-09
2025-01-30,-0.029288772886928105,1013928.1051523511,-0.029288772886928053,1325714.2475673123,5.812151870898674e-10
2025-01-31,-0.012931022258499292,1000816.978256108,-0.04184106137130236,1308571.4067731577,2.6434954225607044e-10
2025-02-03,-0.008733616089719676,992076.2269919459,-0.05020925369421864,1297142.8462437214,1.8088064379639945e-10
2025-02-04,0.12555069703558375,1116632.0888032166,0.0,1460000.0381469717,-2.6231730121395458e-09
2025-02-05,-0.10763212644909925,996446.602624027,-0.10763212644909925,1302857.1265084397,1.9979503607103766e-09
2025-02-06,0.024122836097924205,1020483.7206994598,-0.0861056824963777,1334285.7360839837,-5.017959381348192e-10
2025-02-07,0.025695906030243076,1046705.9744919459,-0.06262233999223149,1368571.417672293,-5.219282783741619e-10
2025-02-10,-0.00208763088231545,1044520.8387748925,-0.06457923854365626,1365714.3456595277,4.1341041701059567e-11
2025-02-11,0.0,1044520.8387748925,-0.06457923854365626,1365714.3456595277,0.0
2025-02-12,0.04602505777603927,1092594.9707277839,-0.02152644395272145,1428571.428571428,-9.133349632151067e-10
2025-02-13,-0.007999992218836516,1083854.2194636217,-0.029354224787436926,1417142.8680419915,1.517689307561909e-10
2025-02-14,-0.012096762332790001,1070743.0925673787,-0.041095896039510034,1400000.027247837,2.3134028026561282e-10
2025-02-18,0.08163266935489899,1158150.7094069736,0.0,1514285.7687813886,-1.5802710251477947e-09
2025-02-19,0.007547162207099722,1166891.4606711357,0.0,1525714.329310825,-1.3507395202339012e-10
2025-02-20,-0.10393263660268004,1045613.3545344321,-0.10393263660268003,1367142.8135463162,1.8461812079095807e-09
2025-02-21,0.024033489935805008,1070743.0925673787,-0.08239701064266719,1400000.0272478366,-4.764293404235787e-10
2025-02-24,-0.01632651440823929,1053261.5900390546,-0.09737826906945315,1377142.9061889637,3.160539607804935e-10
2025-02-25,-0.05394195321688411,996446.602624027,-0.1460674482518517,1302857.1265084392,1.0615569534522251e-09
2025-02-26,0.06798244303092127,1064187.47702027,-0.08801502720038393,1391428.5387311652,-1.4141505744191818e-09
2025-02-27,-0.008213544561373798,1055446.725756108,-0.0955056564137768,1379999.9782017288,1.599800292240161e-10
2025-02-28,0.0041407827846071665,1059817.101388189,-0.09176034180708036,1385714.258466447,-8.132050588471884e-11
2025-03-03,-0.024742244447781836,1033594.8475957029,-0.1142322294472594,1351428.576878138,4.839060263606143e-10
2025-03-04,-0.008456651350860045,1024854.0963315407,-0.12172285866065247,1340000.0163487017,1.6959011972517146e-10
2025-03-05,0.029850716832838353,1055446.725756108,-0.0955056564137768,1379999.978201729,-6.037339517206419e-10
2025-03-06,-0.04761905138500855,1005187.353888189,-0.13857681903845873,1314285.6870378756,9.351843743843347e-10
2025-03-07,-0.002173859140389034,1003002.2181711356,-0.14044943169413496,1311428.6150251105,4.482680893147517e-11
2025-03-10,-0.1023965668173048,900298.23452027,-0.2284644588945188,1177142.8244454511,2.116100850102498e-09
2025-03-11,0.01838480601670911,916850.042919111,-0.21427992763629775,1231428.5550798678,-0.02773171400709562
2025-03-12,-0.036282014652637806,883584.8762276482,-0.2427874348146692,1205714.2257690418,-0.015400308438542343
2025-03-13,0.0,883584.8762276482,-0.2427874348146692,1217142.9225376665,-0.009478777412064598
2025-03-14,0.0,883584.8762276482,-0.2427874348146692,1257142.8843906939,-0.032863816658137424
2025-03-17,0.0,883584.8762276482,-0.2427874348146692,1271428.5169328952,-0.011363571094088698
2025-03-18,0.0,883584.8762276482,-0.2427874348146692,1314285.6870378756,-0.03370788804420255
2025-03-19,0.0,883584.8762276482,-0.2427874348146692,1345714.2966134197,-0.023913072998898333
2025-03-20,0.0,883584.8762276482,-0.2427874348146692,1308571.4067731574,0.02760087333079153
2025-03-21,0.0,883584.8762276482,-0.2427874348146692,1325714.2475673123,-0.013100424405900535
2025-03-24,0.0,883584.8762276482,-0.2427874348146692,1319999.967302594,0.004310340840949611
2025-03-25,0.0,883584.8762276482,-0.2427874348146692,1297142.8462437214,0.01731600123110688
2025-03-26,0.0,883584.8762276482,-0.2427874348146692,1365714.3456595277,-0.05286349118323885
2025-03-27,0.0,883584.8762276482,-0.2427874348146692,1371428.625924246,-0.0041840962444885665
2025-03-28,0.0,883584.8762276482,-0.2427874348146692,1305714.3347603926,0.047916668736272316
2025-03-31,0.0,883584.8762276482,-0.2427874348146692,1294285.774230956,0.008752726553724832
2025-04-01,0.0,883584.8762276482,-0.2427874348146692,1300000.0544956743,-0.004415006622562556
2025-04-02,0.0,883584.8762276482,-0.2427874348146692,1317142.8952898288,-0.0131868000581008
2025-04-03,0.0,883584.8762276482,-0.2427874348146692,1217142.9225376665,0.07592188600778804
2025-04-04,0.0,883584.8762276482,-0.2427874348146692,1065714.2911638524,0.12441318810620439
2025-04-07,-0.03381639407806469,853705.221851716,-0.26839363331983856,994285.719735281,0.03320773426553214
2025-04-08,0.10497661596633168,943324.3070744956,-0.19159207272633208,1065714.2911638524,0.03313753590030344
2025-04-09,0.060341796483425414,1000246.190429853,-0.14281128610319668,1217142.9225376665,-0.08174941185388684
2025-04-10,-0.06136647085174485,938864.6117402706,-0.19541393232898954,1134285.7224600646,0.006708689873710205
2025-04-11,0.018035477856588544,955797.4836556469,-0.18090283812178934,1157142.9116385311,-0.002115696336888462
2025-04-14,-0.015501473363645935,940981.2144217191,-0.1936000509588824,1137142.8625924236,0.0017825188251731072
2025-04-15,0.017994855999323933,957914.0358733068,-0.1790889999980254,1159999.9836512965,-0.0021056272475776794
2025-04-16,-0.00441919128895274,953680.8305104099,-0.18271676273823964,1154285.703386578,0.000506912456955555
2025-04-17,0.015535878209901766,968497.0997443376,-0.17001954990114668,1174285.7524326858,-0.0017908971174103172
2025-04-21,-0.008741802869651094,960030.6890185438,-0.1772750753815751,1162857.1919032494,0.000990547630012717
2025-04-22,0.03748025509228303,996012.884139379,-0.1464391353360973,1211428.50603376,-0.0042886865014941655
2025-04-23,0.029751159788921733,1025645.4226072346,-0.12104470966191123,1251428.6041259754,-0.0032677908903688824
2025-04-24,0.061910363020037495,1089143.5030506882,-0.06662826855869773,1337142.8080967483,-0.00658272055514364
2025-04-25,0.01943373640183821,1110309.63079275,-0.04848936836494004,1365714.345659527,-0.001933867260067501
2025-04-28,-0.0038126350033318435,1106076.4254298531,-0.05211713110515427,1360000.065394809,0.0003714612411567231
2025-04-29,0.005740794609277566,1112426.1830104098,-0.04667553024117621,1368571.4176722923,-0.0005616699975863337
2025-04-30,0.017124259467961922,1131475.6576072345,-0.03035055466386891,1394285.7469831181,-0.0016649165872866245
2025-05-01,-0.020577269871592474,1108192.977647513,-0.050303292981390434,1362857.1374075739,0.001963740565864569
2025-05-02,0.02291950291121636,1133592.2098248946,-0.028536716540104874,1397142.8189958832,-0.0022377059019740297
2025-05-05,-0.005601447791827807,1127242.4522443376,-0.033978317404083136,1388571.4667184,0.0005334670937122699
2025-05-06,-0.0037553636792764244,1123009.2468814407,-0.037606080144297366,1382857.186453682,0.0003598586205326715
2025-05-07,0.0,1123009.2468814407,-0.037606080144297366,1382857.186453682,0.0
2025-05-08,0.01696279324693628,1142058.6205506884,-0.02128119105967642,1408571.3795253197,-0.0016321804954944064
2025-05-09,-0.005559922639956194,1135708.8629701314,-0.026722791923654683,1400000.0272478363,0.0005252161056370497
2025-05-12,0.01677311350677435,1154758.236639379,-0.010397902839033742,1425714.220319474,-0.0015941669012036197
2025-05-13,0.007331847814318726,1163224.74829275,-0.0031422908659189315,1437142.9170880986,-0.0006842725313584985
2025-05-14,0.04003117975284609,1209790.0072846161,0.0,1499999.9999999984,-0.0037063512640824747
2025-05-15,-0.03324172060370478,1169574.505873307,-0.033241720603704825,1445714.2693655815,0.0029487664859064733
2025-05-16,0.005429203933777993,1175924.3643814407,-0.027992992750194026,1454285.7578822528,-0.0004996913523096502
2025-05-19,-0.0017999908917188945,1173807.7112362038,-0.029742596509930594,1451428.5496302997,0.00016469055858547854
2025-05-20,-0.025244711937588926,1144175.2736959253,-0.05423646516635039,1411428.5877772723,0.002314317312053338
2025-05-21,-0.024048662783750063,1116659.388373307,-0.07698081348873234,1374285.69793701,0.002267149551293479
2025-05-22,0.02843220682697667,1148408.4790588222,-0.050737341072576166,1417142.8680419906,-0.0027528445559452663
2025-05-23,-0.00184311870195486,1146291.8259135853,-0.05248694483231273,1414285.6597900374,0.00017305646032839128
2025-05-27,0.0036929560755813995,1150525.0312764822,-0.0489878207385385,1419999.940054756,-0.0003474442672790623
2025-05-28,0.0,1150525.0312764822,-0.0489878207385385,1419999.940054756,0.0
2025-05-29,-0.014717473319812102,1133592.2098248946,-0.06298431711363542,1397142.818995883,0.0013790914856705028
2025-05-30,-0.0037343282056876426,1129359.0044619977,-0.06648344120740965,1391428.538731165,0.0003556475555770433
2025-06-02,-0.0037483256840136203,1125125.7990991008,-0.06998256530118388,1385714.2584664465,0.0003584466766632932
2025-06-03,0.026336999439533937,1154758.236639379,-0.04548869664476427,1425714.2203194739,-0.002528952980768606
2025-06-04,0.005498864010369475,1161108.095147513,-0.040239968791253286,1434285.7088361452,-0.0005132023592502311
2025-06-05,0.0072916645411194025,1169574.505873307,-0.033241720603704825,1445714.2693655815,-0.0006764553801967832
2025-06-06,0.01990696603149411,1192857.1858330283,-0.01399649637509711,1477142.8789411257,-0.0018321910353693571
2025-06-09,-0.033713592782881885,1152641.684421719,-0.047238216978801935,1422857.1483067088,0.003036901301570527
2025-06-10,-0.055089263410500355,1089143.5030506882,-0.09972516181111467,1337142.808096748,0.005151738514370563
2025-06-11,0.009716868200919215,1099726.5669217191,-0.09097730986382944,1351428.5768781377,-0.0009669336300337505
2025-06-12,-0.019246626798997135,1078560.5401072344,-0.10847293033270078,1322857.1755545465,0.001895002002128443
2025-06-13,-0.011774597360504235,1065860.9240185437,-0.11897030261402347,1305714.334760392,0.0011843532434928639
2025-06-16,0.027801410927569492,1095493.3615588222,-0.09447643395760368,1345714.2966134194,-0.0028331320104673097
2025-06-17,0.017388945716401594,1114542.836155647,-0.07873033382276999,1371428.6259242455,-0.0017193667801942425
2025-06-18,-0.02658716875348288,1084910.2976877913,-0.1032242859048889,1331428.5278320299,0.002579568279775568
2025-06-20,-0.0331661485056407,1048928.0016393792,-0.1329668824148193,1282857.0774623314,0.0033145557562603845
2025-06-23,0.014125153690978998,1063744.2708733068,-0.12071990637376004,1302857.126508439,-0.0014650857811144835
2025-06-24,0.03581579643648203,1101843.1191393791,-0.08922778952979178,1354285.6488909028,-0.0036578506243345466
2025-06-25,-0.028814437560527484,1070094.1293814406,-0.11547117852024924,1311428.6150251105,0.0028310531089559277
2025-06-26,0.015823674746609173,1087026.9508330284,-0.10147468214515214,1334285.7360839832,-0.0016055019519907177
2025-06-27,0.04867875397150834,1139942.0683330284,-0.05773558926012462,1405714.3075125543,-0.004854435732076556
2025-06-30,0.0204244413874195,1163224.74829275,-0.03849036503151671,1437142.9170880986,-0.0019333089801909509
2025-07-01,-0.018196077562076307,1142058.6205506884,-0.05598606892608696,1408571.3795253194,0.0016847131533452853
2025-07-02,-0.005559922639956194,1135708.8629701314,-0.06123471335389885,1400000.027247836,0.0005252161056370497
2025-07-03,-0.005591097080573593,1129359.0044619977,-0.06648344120740965,1391428.538731165,0.0005313945978883128
2025-07-07,0.01874162842006788,1150525.0312764822,-0.0489878207385385,1419999.9400547561,-0.0017922333833166881
2025-07-08,-0.031274586943070504,1114542.836155647,-0.07873033382276999,1371428.6259242455,0.002930565297032839
2025-07-09,0.0360824179916186,1154758.236639379,-0.04548869664476427,1425714.220319474,-0.0035008263486722146
2025-07-10,-0.012830537021731314,1139942.0683330284,-0.05773558926012462,1405714.3075125543,0.0011974585764594758
2025-07-11,0.014854106995409788,1156874.889784616,-0.043739092885027704,1428571.428571427,-0.0014060398471722468
2025-07-14,0.0018296301215692257,1158991.542929853,-0.04198948912529094,1431428.6368233801,-0.00017041565479791743
2025-07-15,0.005478691901845245,1165341.30051041,-0.036740844697479055,1439999.9891008632,-0.0005092784775266868
2025-07-16,0.01634669138430178,1184390.7751072345,-0.020994744562645568,1465714.3184116893,-0.0015104818833744371
2025-07-17,0.02144497636355025,1209790.0072846161,0.0,1499999.9999999981,-0.0019468136719476004
2025-07-18,0.015746100134833574,1228839.4818814406,0.0,1525714.329310824,-0.0013967860723835823
2025-07-21,0.0017223992627739548,1230956.0340991006,0.0,1528571.4013235893,-0.00015021342616616806
2025-07-22,0.02063374440174104,1256355.2662764823,0.0,1562857.0829118984,-0.0017961411493174761
2025-07-23,-0.016847166866435392,1235189.2394619975,-0.016847166866435368,1534285.6815883075,0.001434352049137444
2025-07-24,-0.005140716400122369,1228839.4818814406,-0.021901276759551808,1525714.3293108244,0.0004458261716691059
2025-07-25,0.0034448806579812086,1233072.6872443378,-0.018531843386264586,1531428.6095755424,-0.00030043401524415536
2025-07-28,-0.013732216783934437,1216139.86579275,-0.032009576879412915,1508571.4885166697,0.0011931417446671144
2025-07-29,0.00522123956229148,1222489.6233733068,-0.026955466986296476,1517142.840794153,-0.0004605278201155194
2025-07-30,-0.003462774065284835,1218256.41801041,-0.030324900359583514,1511428.5605294348,0.00030370072605845344
2025-07-31,-0.06949621355066149,1133592.2098248946,-0.09771364815895285,1397142.818995883,0.006118171752153567
2025-08-01,-0.016804432408890846,1114542.836155647,-0.1128760581719304,1371428.6259242452,0.0016004097604432888
2025-08-04,0.03038523222668288,1148408.4790588222,-0.08592059118563411,1417142.8680419908,-0.0029480679929603237
2025-08-05,0.0018430308172181498,1150525.0312764822,-0.0842359146658047,1419999.940054756,-0.00017304820854202596
2025-08-06,-0.03679368329953048,1108192.977647513,-0.11793024839867525,1362857.1374075739,0.0034477287141759794
2025-08-07,0.03437925436682443,1146291.8259135853,-0.08760534803909174,1414285.6597900374,-0.0033565588529609336
2025-08-08,-0.01292530224102606,1131475.6576072345,-0.09939832467878225,1394285.7469831181,0.0012160507936138654
2025-08-11,-0.011223941057244669,1118776.0415185438,-0.10950662479864336,1377142.9061889634,0.0010711288961328114
2025-08-12,0.03216210732578406,1154758.236639379,-0.08086648129251767,1425714.2203194739,-0.0031075178614263788
2025-08-13,0.023828265042470154,1182274.1219619976,-0.058965124199337624,1462857.1101597361,-0.002223863294960049
2025-08-14,0.0017903235010543472,1184390.7751072345,-0.05728036734587999,1465714.3184116895,-0.00016284624608609022
2025-08-15,0.0,1184390.7751072345,-0.05728036734587999,1465714.3184116895,0.0
2025-08-18,-0.005361286698268075,1178040.9165991007,-0.06233455757262466,1457142.8298950181,0.00048670728596189594
2025-08-19,-0.008983527477132047,1167457.9536556469,-0.07075810083902814,1442857.1973528168,0.0008203381763335349
2025-08-20,-0.0036260024180241324,1163224.74829275,-0.07412753421231517,1437142.9170880986,0.0003343896950707137
2025-08-21,-0.0036391981593496547,1158991.542929853,-0.0774969675856022,1431428.6368233804,0.0003369410240074977
2025-08-22,0.021914941771856045,1184390.7751072345,-0.05728036734587999,1465714.3184116897,-0.0020371300997783504
2025-08-25,-0.021444976363550028,1158991.542929853,-0.0774969675856022,1431428.6368233806,0.0019468136719478224
2025-08-26,-0.0018262886887736585,1156874.889784616,-0.07918172443906003,1428571.4285714275,0.00016976488906572662
2025-08-27,-0.009147976124713852,1146291.8259135853,-0.08760534803909174,1414285.659790038,0.0008520620222588482
2025-08-28,0.0036929560755813995,1150525.0312764822,-0.0842359146658047,1419999.9400547564,-0.0003474442672790623
2025-08-29,0.00367936832995297,1154758.236639379,-0.08086648129251767,1425714.2203194743,-0.00034477287141765345
2025-09-02,-0.01099764061926034,1142058.6205506884,-0.09097478141237877,1408571.37952532,0.0010263965614260018
2025-09-03,-0.0018532780888598221,1139942.0683330284,-0.09265945793220817,1405714.3075125548,0.00017506925249244354
2025-09-04,0.024137968136271892,1167457.9536556469,-0.07075810083902814,1442857.197352817,-0.002284818941983957
2025-09-05,0.019942970073774546,1190740.5326877914,-0.052226257452763554,1474285.670689173,-0.0018391393366488096
2025-09-08,0.005332697035012934,1197090.3911959252,-0.04717206722601888,1482857.1592058444,-0.00048129728581947084
2025-09-09,0.01768122688992535,1218256.41801041,-0.030324900359583514,1511428.5605294353,-0.0015865772584475746
2025-09-10,0.0017374446905797925,1220373.0711556468,-0.02864014350612588,1514285.7687813884,-0.00015295775818180424
2025-09-11,0.039891008157860286,1269054.9832927499,0.0,1580000.0599452418,-0.003505220294274247
2025-09-12,-0.07898346034209147,1168820.6293479134,-0.07898346034209143,1714285.7142857134,-0.16397437758618671
2025-09-15,0.01905012244677473,1191086.8054553075,-0.06143798248610353,1754285.6761387407,-0.004283188634157886
2025-09-16,0.0,1191086.8054553075,-0.06143798248610353,1805714.3347603926,-0.029316011252425334
2025-09-17,0.0,1191086.8054553075,-0.06143798248610353,1742857.1156093045,0.03481016788817204
2025-09-18,0.0,1191086.8054553075,-0.06143798248610353,1814285.6870378756,-0.04098360719811489
2025-09-19,0.0,1191086.8054553075,-0.06143798248610353,1825714.2475673119,-0.006299206685632441
2025-09-22,0.0,1191086.8054553075,-0.06143798248610353,1842857.0883614663,-0.009389662603004112
2025-09-23,0.0,1191086.8054553075,-0.06143798248610353,1805714.334760392,0.02015498317023534
2025-09-24,0.0,1191086.8054553075,-0.06143798248610353,1777142.797197613,0.015822844739486586
2025-09-25,0.0,1191086.8054553075,-0.06143798248610353,1785714.2857142843,-0.004823185019339871
2025-09-26,0.0,1191086.8054553075,-0.06143798248610353,1745714.323861257,0.022399978637695273
2025-09-29,0.0,1191086.8054553075,-0.06143798248610353,1745714.323861257,0.0
2025-09-30,0.0,1191086.8054553075,-0.06143798248610353,1719999.994550431,0.014729975551755592
2025-10-01,0.0,1191086.8054553075,-0.06143798248610353,1685714.3129621218,0.01993353587031299
2025-10-02,0.0,1191086.8054553075,-0.06143798248610353,1728571.4830671023,-0.02542374456658214
2025-10-03,0.0,1191086.8054553075,-0.06143798248610353,1759999.9564034583,-0.018181760861049723
2025-10-06,0.0,1191086.8054553075,-0.06143798248610353,1825714.2475673116,-0.03733766635889002
2025-10-07,0.0,1191086.8054553075,-0.06143798248610353,1791428.5659790023,0.018779325206008224
2025-10-08,0.0,1191086.8054553075,-0.06143798248610353,1817142.895289828,-0.014354091365498034
2025-10-09,0.0,1191086.8054553075,-0.06143798248610353,1762857.1646554112,0.029874222206261014
2025-10-10,0.0,1191086.8054553075,-0.06143798248610353,1674285.7524326853,0.05024310193619064
2025-10-13,0.0,1191086.8054553075,-0.06143798248610353,1694285.665239605,-0.01194534014152615
2025-10-14,0.0,1191086.8054553075,-0.06143798248610353,1688571.3849748867,0.0033726781628115043
2025-10-15,0.0,1191086.8054553075,-0.06143798248610353,1691428.5932268398,-0.0016920861489049255
2025-10-16,0.0,1191086.8054553075,-0.06143798248610353,1631428.5823277049,0.0354729789595607
2025-10-17,0.0,1191086.8054553075,-0.06143798248610353,1611428.533281597,0.012259224377184741
2025-10-20,0.0,1191086.8054553075,-0.06143798248610353,1620000.0217982684,-0.005319186262151998
2025-10-21,0.0,1191086.8054553075,-0.06143798248610353,1599999.9727521609,0.012345709121600379
2025-10-22,0.0,1191086.8054553075,-0.06143798248610353,1605714.253016879,-0.003571425226269964
2025-10-23,0.0,1191086.8054553075,-0.06143798248610353,1634285.6543404697,-0.01779357769908918
2025-10-24,0.0,1191086.8054553075,-0.06143798248610353,1671428.5441807322,-0.02272729356805847
2025-10-27,0.0,1191086.8054553075,-0.06143798248610353,1748571.3958740216,-0.046153843645826864
2025-10-28,0.0,1191086.8054553075,-0.06143798248610353,1697142.873491558,0.02941173720662238
2025-10-29,0.0,1191086.8054553075,-0.06143798248610353,1728571.4830671023,-0.018518540817300533
2025-10-30,0.0,1191086.8054553075,-0.06143798248610353,1708571.4340209945,0.011570275942896169
2025-10-31,0.0,1191086.8054553075,-0.06143798248610353,1717142.922537666,-0.005016757477033895
2025-11-03,0.0,1191086.8054553075,-0.06143798248610353,1734285.7633318205,-0.009983351163815879
2025-11-04,0.0,1191086.8054553075,-0.06143798248610353,1652857.099260601,0.04695227614322495
2025-11-05,0.0,1191086.8054553075,-0.06143798248610353,1611428.533281597,0.025064820181694314
2025-11-06,0.0,1191086.8054553075,-0.06143798248610353,1608571.4612688322,0.0017730057236523544
2025-11-07,0.0,1191086.8054553075,-0.06143798248610353,1588571.4122227246,0.012433422777705982
2025-11-10,0.0,1191086.8054553075,-0.06143798248610353,1685714.3129621218,-0.061151107209889366
2025-11-11,0.0,1191086.8054553075,-0.06143798248610353,1680000.0326974036,0.0033898272208872093
2025-11-12,0.0,1191086.8054553075,-0.06143798248610353,1654285.7033865775,0.015306148101401518
2025-11-13,0.0,1191086.8054553075,-0.06143798248610353,1582857.1319580062,0.04317789320329979
2025-11-14,0.0,1191086.8054553075,-0.06143798248610353,1545714.2421177442,0.023465724789903275
2025-11-17,0.0,1191086.8054553075,-0.06143798248610353,1522857.1210588713,0.014787416998601755
2025-11-18,0.0,1191086.8054553075,-0.06143798248610353,1520000.0490461064,0.001876126114036536
2025-11-19,0.0,1191086.8054553075,-0.06143798248610353,1517142.8407941533,0.0018797422103677963
2025-11-20,0.0,1191086.8054553075,-0.06143798248610353,1422857.1483067092,0.06214687895708615
2025-11-21,-0.022444890558018016,1164352.9924617638,-0.08250390425111553,1400000.0272478366,-0.006380648911501252
2025-11-24,0.07142854905423479,1247521.037300264,-0.01696848936884741,1499999.9999999988,-1.5214001169994162e-09
2025-11-25,-0.0019048054634352996,1245144.752412664,-0.018840973161026668,1497142.7917480457,3.7866820790100064e-11
2025-11-26,0.015267252374846496,1264154.6915909639,-0.0038613706784173052,1520000.0490461066,-3.040867557757565e-10
2025-11-28,0.024436020838101147,1295045.601977264,0.0,1557142.8026471809,-4.793874186503899e-10
2025-12-01,-0.033027491961669986,1252273.493767964,-0.03302749196166993,1505714.2802647173,6.324799572965389e-10
2025-12-02,-0.0018974861257747833,1249897.3221878638,-0.03486230887967829,1502857.2082519522,3.757805178139506e-11
2025-12-03,0.0019010934241709965,1252273.493767964,-0.03302749196166993,1505714.2802647173,-3.772093748466432e-11
2025-12-04,0.005692639340189487,1259402.235123264,-0.027522866221529316,1514285.7687813884,-1.1273804112477137e-10
2025-12-05,-0.020754741016909217,1233263.667897164,-0.0477063772779677,1482857.1592058444,4.087042926315121e-10
2025-12-08,-0.005780387066340098,1226134.926541864,-0.05321100301810832,1474285.670689173,1.1624046170055635e-10
2025-12-09,-0.0019379364608768102,1223758.754961764,-0.05504581993611649,1471428.598676408,3.919753410741578e-11
2025-12-10,0.005825190642270606,1230887.383009564,-0.04954128168903392,1479999.9509538913,-1.1805134647602245e-10
2025-12-11,0.0,1230887.383009564,-0.04954128168903392,1479999.9509538913,0.0
2025-12-12,-0.005791454316779299,1223758.754961764,-0.05504581993611649,1471428.598676408,1.1668799260178275e-10
2025-12-15,-0.025242739689135152,1192867.731267964,-0.07889905232162928,1434285.7088361457,5.115604606586999e-10
2025-12-16,-0.013944257066137,1176234.076977264,-0.09174312071991887,1414285.6597900381,2.899073203721514e-10
2025-12-17,-0.01616160103068287,1157224.2511064638,-0.10642200603621664,1391428.5387311652,3.407586435244525e-10
2025-12-18,0.01026697963825085,1169105.448929464,-0.09724765896700144,1405714.3075125546,-2.2002955013533665e-10
2025-12-19,0.002032469853147756,1171481.620509564,-0.09541284204899327,1408571.37952532,-4.3115067072108104e-11
2025-12-22,0.05070993984025107,1230887.383009564,-0.04954128168903392,1479999.9509538913,-1.0735294875274803e-09
2025-12-23,-0.019305001145109135,1207125.1006710639,-0.06788988833440608,1451428.5496303004,3.889625288522325e-10
2025-12-24,0.00984255717687832,1219006.2984940638,-0.058715541265191074,1465714.3184116902,-2.0221446739299154e-10
2025-12-26,0.003898631593266755,1223758.754961764,-0.05504581993611649,1471428.5986764084,-7.931633128066551e-11
2025-12-29,-0.00970877452343244,1211877.5571387638,-0.06422016700533169,1457142.8298950188,1.9675439055788502e-10
2025-12-30,-0.005882300572205179,1204748.929090964,-0.06972470525241427,1448571.4776175355,1.2037748575721707e-10
2025-12-31,-0.015779170845699575,1185738.989912664,-0.08440367806176989,1425714.2203194748,3.248208368944461e-10
2026-01-02,0.018036103173072693,1207125.1006710639,-0.06788988833440608,1451428.5496303008,-3.772333556639751e-10
2026-01-05,0.0019685489816083646,1209501.3855586639,-0.06605498392333986,1454285.757882254,-4.044364843025505e-11
2026-01-06,0.03536342224985867,1252273.493767964,-0.03302749196166993,1505714.2802647175,-7.251104161554167e-10
2026-01-07,-0.03605314120404568,1207125.1006710639,-0.06788988833440608,1451428.5496303006,7.140033009278568e-10
2026-01-08,-0.03937004097634966,1159600.5359940638,-0.10458710162515042,1394285.7469831186,8.088535397021701e-10
2026-01-09,-0.006147583701476056,1152471.7946387639,-0.11009172736529103,1385714.2584664475,1.3147771760202431e-10
2026-01-12,0.008247414799751773,1161976.707574164,-0.10275228470714207,1397142.818995884,-1.7747758818131842e-10
2026-01-13,-0.020449878369858232,1138214.425235664,-0.12110089135251423,1368571.417672293,4.364651973176592e-10
2026-01-14,0.006942298525590029,1146116.249561783,-0.11499931136640834,1322857.1755545472,0.0403451896918382
2026-01-15,-0.04477855604827341,1094794.8188429438,-0.15462836430514815,1254285.676138741,0.007057349356299758
2026-01-16,0.08584985298869752,1188782.7930933982,-0.08205333365993037,1251428.6041259759,0.08812770090414246
2026-01-20,0.02581814811920946,1219474.9633270511,-0.058353650662827876,1288571.493966238,-0.0038622425301664265
2026-01-21,-0.02380418475729429,1190446.3559931193,-0.08076877433848163,1257142.884390694,0.0005860875114227504
2026-01-22,0.03325176432168675,1230030.7976602134,-0.050202714265649484,1300000.0544956743,-0.0008391657047375212
2026-01-23,0.006436272040664104,1237947.6104923496,-0.044089560551178845,1308571.4067731574,-0.00015707558870081684
2026-01-26,-0.004263441458949968,1232669.6933257685,-0.048165028749768045,1302857.1265084394,0.00010336667635013619
2026-01-27,0.02783107647268701,1266976.2178262814,-0.02167443687552509,1340000.0163487017,-0.0006777209115682581
2026-01-28,-0.0333260693757067,1224752.8804936323,-0.054278182464238676,1294285.774230956,0.0007890362660901706
2026-01-29,-0.012928222164158343,1208919.0031584178,-0.0665046842268326,1277142.7971976134,0.0003169029655902822
2026-01-30,-0.037109378610971855,1164056.7701602133,-0.10114611533142781,1228571.4830671027,0.0009218534776315179
2026-02-02,0.024937341753929587,1193085.251658674,-0.07873108882260037,1259999.9564034587,-0.0006439726176976635
2026-02-03,-0.0309662868723799,1156139.831492606,-0.10725936621272476,1219999.9945504314,0.000779715696701988
2026-02-04,-0.018260480342649266,1135028.1628262815,-0.12356123900708156,1197142.8734915585,0.00047486487126247034
2026-02-05,-0.01969836121317803,1112669.9680877996,-0.14082564630235023,1185714.3129621223,-0.010151831068364037
2026-02-06,-0.006551376215267801,1105380.4485234264,-0.1464544207279331,1219999.9945504311,-0.03546701062526103
2026-02-09,-0.002314367119955252,1102822.1923583224,-0.14842983855198352,1217142.9225376663,2.7495196050608683e-05
2026-02-10,0.01159890043428935,1115613.7171642114,-0.13855256103653618,1231428.5550798676,-0.00013812097681720203
2026-02-11,-0.01834554108351616,1095147.1798826412,-0.1543562804193302,1208571.4340209947,0.0002159263800918243
2026-02-12,0.009344194852313636,1105380.4485234264,-0.1464544207279331,1219999.9945504311,-0.00011206086226400735
2026-02-13,-0.03240191220189603,1069564.008280678,-0.17411092964782307,1180000.0326974038,0.00038494192244942216
2026-02-17,0.033486953530086794,1105380.4485234264,-0.1464544207279331,1219999.9945504311,-0.00041131828740637033
2026-02-18,0.04165960140243752,1151430.15740696,-0.1108960521166462,1271428.5169328947,-0.000494925328863749
2026-02-19,-0.011109249417868283,1138638.6326010707,-0.12077332963209372,1257142.8843906934,0.00012664182725108386
2026-02-20,-0.004493641945648941,1133521.9982806782,-0.12472425947779218,1251428.6041259752,5.18081664023784e-05
2026-02-23,-0.04513936674517127,1082355.5330865672,-0.16423365213237553,1194285.6652396051,0.0005227978385444754
2026-02-24,-0.007090914446207797,1074680.6426010707,-0.17015999980212443,1185714.312962122,8.605545886397614e-05
2026-02-25,0.014283222710726573,1090030.5455622484,-0.15830721026502884,1202857.1537562767,-0.00017459449427015272
2026-02-26,0.023470141920442167,1115613.7171642114,-0.13855256103653618,1231428.5550798676,-0.0002828043328750862
2026-02-27,-0.020638788392980945,1092588.8017273524,-0.15633179244097845,1205714.2257690416,0.00024291782111451887
2026-03-02,-0.009366074981371542,1082355.5330865672,-0.16423365213237553,1194285.6652396051,0.00011258943610004124
2026-03-03,-0.0236365693341144,1056772.3614846042,-0.18398830136086822,1165714.2639160142,0.00028685380925785875
2026-03-04,0.004841756377129691,1061888.9958049967,-0.18003737151516977,1171428.5441807325,-6.019982397398316e-05
2026-03-05,-0.016864436110580305,1043980.8366787151,-0.19386557887631564,1151428.631373813,0.00020866058513580032
2026-03-06,-0.012252760152924758,1031189.1898826411,-0.20374295058936098,1137142.8625924233,0.00015423442071604843
2026-03-09,-0.030908627926494958,999316.5468907348,-0.22835416346344312,1131428.5823277053,-0.02588350711476961
2026-03-10,-0.023717256392531527,975615.500130828,-0.2466554856128101,1105714.2530168793,-0.0009899453518970036
2026-03-11,0.005168015571270113,980657.4962270766,-0.24276218943192615,1111428.6014011917,8.379585914042309e-11
2026-03-12,-0.03598974380129505,945363.8841810446,-0.27001498423092474,1071428.5714285702,-5.805493863419997e-10
2026-03-13,0.017462773675441357,961872.5597314344,-0.25726742111408585,1060000.010899134,0.028129430169582026
2026-03-16,-0.006084642195044121,956019.9093682375,-0.261786683103209,1071428.5714285702,-0.01686630296101177
2026-03-17,0.023949251307767705,978915.8704329267,-0.244107026858107,1097142.8326198023,-5.0725804048745715e-05
2026-03-18,-0.023389099876952035,956019.9093682375,-0.261786683103209,1071428.5714285702,4.8378295174678065e-05
2026-03-19,-0.01862719546159708,938211.939651257,-0.2755375268493994,1051428.5905020565,3.945340314903678e-05
2026-03-20,-0.03253849951135879,907683.9309113636,-0.29911044867800807,1017142.8407941534,7.022923885691146e-05
2026-03-23,-0.001034912301327462,906744.5576455462,-0.29983580789654307,1040000.0299726202,-0.023506868315509855
2026-03-24,0.032916341919111636,936591.2715383007,-0.276788963949747,1082857.1319580064,-0.008292408802284656
2026-03-25,-0.015235642510342706,922321.7017468358,-0.28780754875454323,1065714.291163852,0.0005954771158974692
2026-03-26,-0.005157119533035992,917565.1784830142,-0.291480410356142,1060000.0108991337,0.00020480562091662602
2026-03-27,-0.03628703478485107,884269.458934033,-0.317190485351297,1019999.9809265124,0.0014488421598026768
2026-03-30,-0.010758085594306244,874756.4124063898,-0.3245362085544945,1008571.4203970759,0.00044638572250232933
2026-03-31,0.001048242369817709,875673.3691411439,-0.32382815878902366,1045714.3102373381,-0.03577898581560812
2026-04-01,-0.02597978753243224,852923.5610630478,-0.3413949595590983,1048571.4503696972,-0.02871202529984951
2026-04-02,0.0,852923.5610630478,-0.3413949595590983,1034285.6815883077,0.013624029889763523
2026-04-06,0.0,852923.5610630478,-0.3413949595590983,1017142.8407941532,0.016574570352582918
2026-04-07,0.0,852923.5610630478,-0.3413949595590983,1011428.5605294348,0.005617972260667625
2026-04-08,0.0,852923.5610630478,-0.3413949595590983,1037142.8898402608,-0.025423772191449423
2026-04-09,0.0,852923.5610630478,-0.3413949595590983,1051428.590502056,-0.013774091112937814
2026-04-10,0.0,852923.5610630478,-0.3413949595590983,1051428.590502056,0.0
2026-04-13,0.0,852923.5610630478,-0.3413949595590983,1065714.2911638517,-0.013586943317733136
2026-04-14,0.0,852923.5610630478,-0.3413949595590983,1091428.5523550836,-0.024128663192786615
2026-04-15,0.0,852923.5610630478,-0.3413949595590983,1120000.021798269,-0.026178048376628515
2026-04-16,0.0,852923.5610630478,-0.3413949595590983,1148571.4231218598,-0.025510179256708287
2026-04-17,0.0,852923.5610630478,-0.3413949595590983,1202857.1537562765,-0.047263696050234394
2026-04-20,0.0,852923.5610630478,-0.3413949595590983,1202857.1537562765,0.0
2026-04-21,0.0,852923.5610630478,-0.3413949595590983,1165714.2639160142,0.030878886760803304
2026-04-22,0.0,852923.5610630478,-0.3413949595590983,1159999.983651296,0.004901956201103785
2026-04-23,0.0,852923.5610630478,-0.3413949595590983,1131428.582327705,0.024630518729541362
2026-04-24,0.0,852923.5610630478,-0.3413949595590983,1114285.7415335504,0.015151500555948827
2026-04-27,0.0,852923.5610630478,-0.3413949595590983,1111428.6014011914,0.0025641000560834293
2026-04-28,0.0,852923.5610630478,-0.3413949595590983,1102857.1128845199,0.0077121359895410135
2026-04-29,0.0,852923.5610630478,-0.3413949595590983,1091428.5523550834,0.01036268469951196
2026-04-30,0.0,852923.5610630478,-0.3413949595590983,1091428.5523550834,0.0
2026-05-01,0.0,852923.5610630478,-0.3413949595590983,1048571.4503696972,0.03926697894508013
2026-05-04,0.0,852923.5610630478,-0.3413949595590983,1034285.6815883077,0.013624029889763523
2026-05-05,0.0,852923.5610630478,-0.3413949595590983,1051428.590502056,-0.016574636214070848
2026-05-06,0.0,852923.5610630478,-0.3413949595590983,1077142.851693288,-0.02445649797191951
2026-05-07,0.0,852923.5610630478,-0.3413949595590983,1078571.4558192643,-0.0013262903093407274
